^Divergent$	g	4	HUV_0	1	1	The Hunger Games	tmp	2022-06-20 07:40:37.055650	results/tmp/exp=tmp,search=^Divergent$,win=10,sample_orders=1000.csv	exp_name=tmp;ut_scorer=None	
^Divergent$	g	4	HUV_0	2	17	Catching Fire	tmp	2022-06-20 07:40:37.055650	results/tmp/exp=tmp,search=^Divergent$,win=10,sample_orders=1000.csv	exp_name=tmp;ut_scorer=None	
^Divergent$	g	4	HUV_0	3	69	Insurgent	tmp	2022-06-20 07:40:37.055650	results/tmp/exp=tmp,search=^Divergent$,win=10,sample_orders=1000.csv	exp_name=tmp;ut_scorer=None	
^Divergent$	g	4	HUV_0	4	20	Mockingjay	tmp	2022-06-20 07:40:37.055650	results/tmp/exp=tmp,search=^Divergent$,win=10,sample_orders=1000.csv	exp_name=tmp;ut_scorer=None	
^Divergent$	g	4	HUV_0	5	2	Harry Potter and the Philosopher's Stone	tmp	2022-06-20 07:40:37.055650	results/tmp/exp=tmp,search=^Divergent$,win=10,sample_orders=1000.csv	exp_name=tmp;ut_scorer=None	
^Divergent$	g	4	HUV_0	6	6	The Fault in Our Stars	tmp	2022-06-20 07:40:37.055650	results/tmp/exp=tmp,search=^Divergent$,win=10,sample_orders=1000.csv	exp_name=tmp;ut_scorer=None	
^Divergent$	g	4	HUV_0	7	25	Harry Potter and the Deathly Hallows	tmp	2022-06-20 07:40:37.055650	results/tmp/exp=tmp,search=^Divergent$,win=10,sample_orders=1000.csv	exp_name=tmp;ut_scorer=None	
^Divergent$	g	4	HUV_0	8	24	Harry Potter and the Goblet of Fire	tmp	2022-06-20 07:40:37.055650	results/tmp/exp=tmp,search=^Divergent$,win=10,sample_orders=1000.csv	exp_name=tmp;ut_scorer=None	
^Divergent$	g	4	HUV_0	9	18	Harry Potter and the Prisoner of Azkaban	tmp	2022-06-20 07:40:37.055650	results/tmp/exp=tmp,search=^Divergent$,win=10,sample_orders=1000.csv	exp_name=tmp;ut_scorer=None	
^Divergent$	g	4	HUV_0	10	23	Harry Potter and the Chamber of Secrets	tmp	2022-06-20 07:40:37.055650	results/tmp/exp=tmp,search=^Divergent$,win=10,sample_orders=1000.csv	exp_name=tmp;ut_scorer=None	
^Divergent$	sa	2	sa.HUV_0	1	15	Het Achterhuis: Dagboekbrieven 14 juni 1942 - 1 augustus 1944	tmp	2022-06-20 07:40:37.055650	results/tmp/exp=tmp,search=^Divergent$,win=10,sample_orders=1000.csv	exp_name=tmp;ut_scorer=None	
^Divergent$	sa	2	sa.HUV_0	2	30	Gone Girl	tmp	2022-06-20 07:40:37.055650	results/tmp/exp=tmp,search=^Divergent$,win=10,sample_orders=1000.csv	exp_name=tmp;ut_scorer=None	
^Divergent$	sa	2	sa.HUV_0	3	88	Paper Towns	tmp	2022-06-20 07:40:37.055650	results/tmp/exp=tmp,search=^Divergent$,win=10,sample_orders=1000.csv	exp_name=tmp;ut_scorer=None	
^Divergent$	sa	2	sa.HUV_0	4	105	Allegiant	tmp	2022-06-20 07:40:37.055650	results/tmp/exp=tmp,search=^Divergent$,win=10,sample_orders=1000.csv	exp_name=tmp;ut_scorer=None	
^Divergent$	sa	2	sa.HUV_0	5	163	The Lost Hero	tmp	2022-06-20 07:40:37.055650	results/tmp/exp=tmp,search=^Divergent$,win=10,sample_orders=1000.csv	exp_name=tmp;ut_scorer=None	
^Divergent$	sa	2	sa.HUV_0	6	214	The Titan's Curse	tmp	2022-06-20 07:40:37.055650	results/tmp/exp=tmp,search=^Divergent$,win=10,sample_orders=1000.csv	exp_name=tmp;ut_scorer=None	
^Divergent$	sa	2	sa.HUV_0	7	218	Bared to You	tmp	2022-06-20 07:40:37.055650	results/tmp/exp=tmp,search=^Divergent$,win=10,sample_orders=1000.csv	exp_name=tmp;ut_scorer=None	
^Divergent$	sa	2	sa.HUV_0	8	324	None	tmp	2022-06-20 07:40:37.055650	results/tmp/exp=tmp,search=^Divergent$,win=10,sample_orders=1000.csv	exp_name=tmp;ut_scorer=None	
^Divergent$	sa	2	sa.HUV_0	9	355	Graceling	tmp	2022-06-20 07:40:37.055650	results/tmp/exp=tmp,search=^Divergent$,win=10,sample_orders=1000.csv	exp_name=tmp;ut_scorer=None	
^Divergent$	sa	2	sa.HUV_0	10	438	What Alice Forgot	tmp	2022-06-20 07:40:37.055650	results/tmp/exp=tmp,search=^Divergent$,win=10,sample_orders=1000.csv	exp_name=tmp;ut_scorer=None	
^Divergent$	g	4	HUV_0	1	69	Insurgent	tmp	2022-06-20 07:40:37.055650	results/tmp/exp=tmp,search=^Divergent$,win=10,sample_orders=1000.csv	exp_name=tmp;ut_scorer=AgentSpread(tfidfto2)	
^Divergent$	g	4	HUV_0	2	105	Allegiant	tmp	2022-06-20 07:40:37.055650	results/tmp/exp=tmp,search=^Divergent$,win=10,sample_orders=1000.csv	exp_name=tmp;ut_scorer=AgentSpread(tfidfto2)	
^Divergent$	g	4	HUV_0	3	91	The Maze Runner	tmp	2022-06-20 07:40:37.055650	results/tmp/exp=tmp,search=^Divergent$,win=10,sample_orders=1000.csv	exp_name=tmp;ut_scorer=AgentSpread(tfidfto2)	
^Divergent$	g	4	HUV_0	4	17	Catching Fire	tmp	2022-06-20 07:40:37.055650	results/tmp/exp=tmp,search=^Divergent$,win=10,sample_orders=1000.csv	exp_name=tmp;ut_scorer=AgentSpread(tfidfto2)	
^Divergent$	g	4	HUV_0	5	259	The Scorch Trials	tmp	2022-06-20 07:40:37.055650	results/tmp/exp=tmp,search=^Divergent$,win=10,sample_orders=1000.csv	exp_name=tmp;ut_scorer=AgentSpread(tfidfto2)	
^Divergent$	g	4	HUV_0	6	51	City of Bones	tmp	2022-06-20 07:40:37.055650	results/tmp/exp=tmp,search=^Divergent$,win=10,sample_orders=1000.csv	exp_name=tmp;ut_scorer=AgentSpread(tfidfto2)	
^Divergent$	g	4	HUV_0	7	166	Matched	tmp	2022-06-20 07:40:37.055650	results/tmp/exp=tmp,search=^Divergent$,win=10,sample_orders=1000.csv	exp_name=tmp;ut_scorer=AgentSpread(tfidfto2)	
^Divergent$	g	4	HUV_0	8	149	If I Stay	tmp	2022-06-20 07:40:37.055650	results/tmp/exp=tmp,search=^Divergent$,win=10,sample_orders=1000.csv	exp_name=tmp;ut_scorer=AgentSpread(tfidfto2)	
^Divergent$	g	4	HUV_0	9	1	The Hunger Games	tmp	2022-06-20 07:40:37.055650	results/tmp/exp=tmp,search=^Divergent$,win=10,sample_orders=1000.csv	exp_name=tmp;ut_scorer=AgentSpread(tfidfto2)	
^Divergent$	g	4	HUV_0	10	206	The Selection	tmp	2022-06-20 07:40:37.055650	results/tmp/exp=tmp,search=^Divergent$,win=10,sample_orders=1000.csv	exp_name=tmp;ut_scorer=AgentSpread(tfidfto2)	
^Divergent$	sa	2	sa.HUV_0	1	51	City of Bones	tmp	2022-06-20 07:40:37.055650	results/tmp/exp=tmp,search=^Divergent$,win=10,sample_orders=1000.csv	exp_name=tmp;ut_scorer=AgentSpread(tfidfto2)	
^Divergent$	sa	2	sa.HUV_0	2	56	Breaking Dawn	tmp	2022-06-20 07:40:37.055650	results/tmp/exp=tmp,search=^Divergent$,win=10,sample_orders=1000.csv	exp_name=tmp;ut_scorer=AgentSpread(tfidfto2)	
^Divergent$	sa	2	sa.HUV_0	3	73	The Host	tmp	2022-06-20 07:40:37.055650	results/tmp/exp=tmp,search=^Divergent$,win=10,sample_orders=1000.csv	exp_name=tmp;ut_scorer=AgentSpread(tfidfto2)	
^Divergent$	sa	2	sa.HUV_0	4	91	The Maze Runner	tmp	2022-06-20 07:40:37.055650	results/tmp/exp=tmp,search=^Divergent$,win=10,sample_orders=1000.csv	exp_name=tmp;ut_scorer=AgentSpread(tfidfto2)	
^Divergent$	sa	2	sa.HUV_0	5	105	Allegiant	tmp	2022-06-20 07:40:37.055650	results/tmp/exp=tmp,search=^Divergent$,win=10,sample_orders=1000.csv	exp_name=tmp;ut_scorer=AgentSpread(tfidfto2)	
^Divergent$	sa	2	sa.HUV_0	6	327	Legend	tmp	2022-06-20 07:40:37.055650	results/tmp/exp=tmp,search=^Divergent$,win=10,sample_orders=1000.csv	exp_name=tmp;ut_scorer=AgentSpread(tfidfto2)	
^Divergent$	sa	2	sa.HUV_0	7	946	The Kill Order	tmp	2022-06-20 07:40:37.055650	results/tmp/exp=tmp,search=^Divergent$,win=10,sample_orders=1000.csv	exp_name=tmp;ut_scorer=AgentSpread(tfidfto2)	
^Divergent$	sa	2	sa.HUV_0	8	1359	The Serpent's Shadow	tmp	2022-06-20 07:40:37.055650	results/tmp/exp=tmp,search=^Divergent$,win=10,sample_orders=1000.csv	exp_name=tmp;ut_scorer=AgentSpread(tfidfto2)	
^Divergent$	sa	2	sa.HUV_0	9	2420	None	tmp	2022-06-20 07:40:37.055650	results/tmp/exp=tmp,search=^Divergent$,win=10,sample_orders=1000.csv	exp_name=tmp;ut_scorer=AgentSpread(tfidfto2)	
^Divergent$	sa	2	sa.HUV_0	10	5530	None	tmp	2022-06-20 07:40:37.055650	results/tmp/exp=tmp,search=^Divergent$,win=10,sample_orders=1000.csv	exp_name=tmp;ut_scorer=AgentSpread(tfidfto2)	
