run_name,steps,idf,product_id,product_name,rule,rulex,algo,algo_version,rank,search_term
exp_name=tmp;ut_scorer=None,1,IDF_1,1,The Hunger Games,HUV_0,HUV_0,g,4,1,^Divergent$
exp_name=tmp;ut_scorer=None,1,IDF_1,17,Catching Fire,HUV_0,HUV_0,g,4,2,^Divergent$
exp_name=tmp;ut_scorer=None,1,IDF_1,69,Insurgent,HUV_0,HUV_0,g,4,3,^Divergent$
exp_name=tmp;ut_scorer=None,1,IDF_1,20,Mockingjay,HUV_0,HUV_0,g,4,4,^Divergent$
exp_name=tmp;ut_scorer=None,1,IDF_1,2,Harry Potter and the Philosopher's Stone,HUV_0,HUV_0,g,4,5,^Divergent$
exp_name=tmp;ut_scorer=None,1,IDF_1,6,The Fault in Our Stars,HUV_0,HUV_0,g,4,6,^Divergent$
exp_name=tmp;ut_scorer=None,1,IDF_1,25,Harry Potter and the Deathly Hallows,HUV_0,HUV_0,g,4,7,^Divergent$
exp_name=tmp;ut_scorer=None,1,IDF_1,24,Harry Potter and the Goblet of Fire,HUV_0,HUV_0,g,4,8,^Divergent$
exp_name=tmp;ut_scorer=None,1,IDF_1,18,Harry Potter and the Prisoner of Azkaban,HUV_0,HUV_0,g,4,9,^Divergent$
exp_name=tmp;ut_scorer=None,1,IDF_1,23,Harry Potter and the Chamber of Secrets,HUV_0,HUV_0,g,4,10,^Divergent$
exp_name=tmp;ut_scorer=None,1,IDF_1,15,Het Achterhuis: Dagboekbrieven 14 juni 1942 - 1 augustus 1944,sa.HUV_0,HUV_0,sa,2,1,^Divergent$
exp_name=tmp;ut_scorer=None,1,IDF_1,30,Gone Girl,sa.HUV_0,HUV_0,sa,2,2,^Divergent$
exp_name=tmp;ut_scorer=None,1,IDF_1,88,Paper Towns,sa.HUV_0,HUV_0,sa,2,3,^Divergent$
exp_name=tmp;ut_scorer=None,1,IDF_1,105,Allegiant,sa.HUV_0,HUV_0,sa,2,4,^Divergent$
exp_name=tmp;ut_scorer=None,1,IDF_1,163,The Lost Hero,sa.HUV_0,HUV_0,sa,2,5,^Divergent$
exp_name=tmp;ut_scorer=None,1,IDF_1,214,The Titan's Curse,sa.HUV_0,HUV_0,sa,2,6,^Divergent$
exp_name=tmp;ut_scorer=None,1,IDF_1,218,Bared to You,sa.HUV_0,HUV_0,sa,2,7,^Divergent$
exp_name=tmp;ut_scorer=None,1,IDF_1,324,,sa.HUV_0,HUV_0,sa,2,8,^Divergent$
exp_name=tmp;ut_scorer=None,1,IDF_1,355,Graceling,sa.HUV_0,HUV_0,sa,2,9,^Divergent$
exp_name=tmp;ut_scorer=None,1,IDF_1,438,What Alice Forgot,sa.HUV_0,HUV_0,sa,2,10,^Divergent$
exp_name=tmp;ut_scorer=AgentSpread(tfidfto2),1,IDF_1,69,Insurgent,HUV_0,HUV_0,g,4,1,^Divergent$
exp_name=tmp;ut_scorer=AgentSpread(tfidfto2),1,IDF_1,105,Allegiant,HUV_0,HUV_0,g,4,2,^Divergent$
exp_name=tmp;ut_scorer=AgentSpread(tfidfto2),1,IDF_1,91,The Maze Runner,HUV_0,HUV_0,g,4,3,^Divergent$
exp_name=tmp;ut_scorer=AgentSpread(tfidfto2),1,IDF_1,17,Catching Fire,HUV_0,HUV_0,g,4,4,^Divergent$
exp_name=tmp;ut_scorer=AgentSpread(tfidfto2),1,IDF_1,259,The Scorch Trials,HUV_0,HUV_0,g,4,5,^Divergent$
exp_name=tmp;ut_scorer=AgentSpread(tfidfto2),1,IDF_1,51,City of Bones,HUV_0,HUV_0,g,4,6,^Divergent$
exp_name=tmp;ut_scorer=AgentSpread(tfidfto2),1,IDF_1,166,Matched,HUV_0,HUV_0,g,4,7,^Divergent$
exp_name=tmp;ut_scorer=AgentSpread(tfidfto2),1,IDF_1,149,If I Stay,HUV_0,HUV_0,g,4,8,^Divergent$
exp_name=tmp;ut_scorer=AgentSpread(tfidfto2),1,IDF_1,1,The Hunger Games,HUV_0,HUV_0,g,4,9,^Divergent$
exp_name=tmp;ut_scorer=AgentSpread(tfidfto2),1,IDF_1,206,The Selection,HUV_0,HUV_0,g,4,10,^Divergent$
exp_name=tmp;ut_scorer=AgentSpread(tfidfto2),1,IDF_1,51,City of Bones,sa.HUV_0,HUV_0,sa,2,1,^Divergent$
exp_name=tmp;ut_scorer=AgentSpread(tfidfto2),1,IDF_1,56,Breaking Dawn,sa.HUV_0,HUV_0,sa,2,2,^Divergent$
exp_name=tmp;ut_scorer=AgentSpread(tfidfto2),1,IDF_1,73,The Host,sa.HUV_0,HUV_0,sa,2,3,^Divergent$
exp_name=tmp;ut_scorer=AgentSpread(tfidfto2),1,IDF_1,91,The Maze Runner,sa.HUV_0,HUV_0,sa,2,4,^Divergent$
exp_name=tmp;ut_scorer=AgentSpread(tfidfto2),1,IDF_1,105,Allegiant,sa.HUV_0,HUV_0,sa,2,5,^Divergent$
exp_name=tmp;ut_scorer=AgentSpread(tfidfto2),1,IDF_1,327,Legend,sa.HUV_0,HUV_0,sa,2,6,^Divergent$
exp_name=tmp;ut_scorer=AgentSpread(tfidfto2),1,IDF_1,946,The Kill Order,sa.HUV_0,HUV_0,sa,2,7,^Divergent$
exp_name=tmp;ut_scorer=AgentSpread(tfidfto2),1,IDF_1,1359,The Serpent's Shadow,sa.HUV_0,HUV_0,sa,2,8,^Divergent$
exp_name=tmp;ut_scorer=AgentSpread(tfidfto2),1,IDF_1,2420,,sa.HUV_0,HUV_0,sa,2,9,^Divergent$
exp_name=tmp;ut_scorer=AgentSpread(tfidfto2),1,IDF_1,5530,,sa.HUV_0,HUV_0,sa,2,10,^Divergent$
